[
  {
    "_id": "6c1127b0-8dc8-11e9-95ce-390a2a237a65",
    "_type": "dashboard",
    "_source": {
      "title": "Osce_Dashboard",
      "hits": 0,
      "description": "",
      "panelsJSON": "[{\"embeddableConfig\":{},\"gridData\":{\"x\":0,\"y\":87,\"w\":24,\"h\":15,\"i\":\"2\"},\"panelIndex\":\"2\",\"version\":\"7.1.1\",\"panelRefName\":\"panel_0\"},{\"embeddableConfig\":{},\"gridData\":{\"x\":24,\"y\":87,\"w\":24,\"h\":15,\"i\":\"3\"},\"panelIndex\":\"3\",\"version\":\"7.1.1\",\"panelRefName\":\"panel_1\"},{\"embeddableConfig\":{},\"gridData\":{\"x\":0,\"y\":132,\"w\":48,\"h\":15,\"i\":\"4\"},\"panelIndex\":\"4\",\"version\":\"7.1.1\",\"panelRefName\":\"panel_2\"},{\"embeddableConfig\":{},\"gridData\":{\"x\":0,\"y\":42,\"w\":24,\"h\":15,\"i\":\"5\"},\"panelIndex\":\"5\",\"version\":\"7.1.1\",\"panelRefName\":\"panel_3\"},{\"embeddableConfig\":{},\"gridData\":{\"x\":24,\"y\":42,\"w\":24,\"h\":15,\"i\":\"6\"},\"panelIndex\":\"6\",\"version\":\"7.1.1\",\"panelRefName\":\"panel_4\"},{\"embeddableConfig\":{},\"gridData\":{\"x\":0,\"y\":57,\"w\":24,\"h\":15,\"i\":\"7\"},\"panelIndex\":\"7\",\"version\":\"7.1.1\",\"panelRefName\":\"panel_5\"},{\"embeddableConfig\":{},\"gridData\":{\"x\":24,\"y\":57,\"w\":24,\"h\":15,\"i\":\"8\"},\"panelIndex\":\"8\",\"version\":\"7.1.1\",\"panelRefName\":\"panel_6\"},{\"embeddableConfig\":{},\"gridData\":{\"x\":24,\"y\":102,\"w\":24,\"h\":15,\"i\":\"9\"},\"panelIndex\":\"9\",\"version\":\"7.1.1\",\"panelRefName\":\"panel_7\"},{\"embeddableConfig\":{},\"gridData\":{\"x\":0,\"y\":102,\"w\":24,\"h\":15,\"i\":\"10\"},\"panelIndex\":\"10\",\"version\":\"7.1.1\",\"panelRefName\":\"panel_8\"},{\"embeddableConfig\":{},\"gridData\":{\"x\":0,\"y\":72,\"w\":24,\"h\":15,\"i\":\"11\"},\"panelIndex\":\"11\",\"version\":\"7.1.1\",\"panelRefName\":\"panel_9\"},{\"embeddableConfig\":{},\"gridData\":{\"x\":24,\"y\":72,\"w\":24,\"h\":15,\"i\":\"12\"},\"panelIndex\":\"12\",\"version\":\"7.1.1\",\"panelRefName\":\"panel_10\"},{\"embeddableConfig\":{},\"gridData\":{\"x\":33,\"y\":13,\"w\":14,\"h\":14,\"i\":\"13\"},\"panelIndex\":\"13\",\"version\":\"7.1.1\",\"panelRefName\":\"panel_11\"},{\"embeddableConfig\":{},\"gridData\":{\"x\":24,\"y\":117,\"w\":24,\"h\":15,\"i\":\"14\"},\"panelIndex\":\"14\",\"version\":\"7.1.1\",\"panelRefName\":\"panel_12\"},{\"embeddableConfig\":{},\"gridData\":{\"x\":0,\"y\":27,\"w\":48,\"h\":15,\"i\":\"15\"},\"panelIndex\":\"15\",\"version\":\"7.1.1\",\"panelRefName\":\"panel_13\"},{\"embeddableConfig\":{},\"gridData\":{\"x\":0,\"y\":147,\"w\":24,\"h\":15,\"i\":\"16\"},\"panelIndex\":\"16\",\"version\":\"7.1.1\",\"panelRefName\":\"panel_14\"},{\"embeddableConfig\":{},\"gridData\":{\"x\":0,\"y\":0,\"w\":13,\"h\":13,\"i\":\"17\"},\"panelIndex\":\"17\",\"title\":\"Daily Volumes\",\"version\":\"7.1.1\",\"panelRefName\":\"panel_15\"},{\"embeddableConfig\":{\"vis\":{\"defaultColors\":{\"0 - 50\":\"rgb(0,104,55)\",\"50 - 75\":\"rgb(255,255,190)\",\"75 - 100\":\"rgb(165,0,38)\"},\"legendOpen\":true}},\"gridData\":{\"x\":0,\"y\":13,\"w\":33,\"h\":14,\"i\":\"18\"},\"panelIndex\":\"18\",\"title\":\"HTTP Transaction Status\",\"version\":\"7.1.1\",\"panelRefName\":\"panel_16\"},{\"embeddableConfig\":{},\"gridData\":{\"x\":13,\"y\":0,\"w\":35,\"h\":13,\"i\":\"19\"},\"panelIndex\":\"19\",\"version\":\"7.1.1\",\"panelRefName\":\"panel_17\"}]",
      "optionsJSON": "{\"hidePanelTitles\":false,\"useMargins\":true}",
      "version": 1,
      "timeRestore": false,
      "kibanaSavedObjectMeta": {
        "searchSourceJSON": "{\"query\":{\"language\":\"kuery\",\"query\":\"1234\"},\"filter\":[]}"
      }
    },
    "_migrationVersion": {
      "dashboard": "7.0.0"
    },
    "_references": [
      {
        "name": "panel_0",
        "type": "visualization",
        "id": "f36cc4a0-8dcb-11e9-95ce-390a2a237a65"
      },
      {
        "name": "panel_1",
        "type": "visualization",
        "id": "2ace03a0-8dcc-11e9-95ce-390a2a237a65"
      },
      {
        "name": "panel_2",
        "type": "visualization",
        "id": "791c7890-8dca-11e9-95ce-390a2a237a65"
      },
      {
        "name": "panel_3",
        "type": "visualization",
        "id": "3e5463b0-8dd1-11e9-95ce-390a2a237a65"
      },
      {
        "name": "panel_4",
        "type": "visualization",
        "id": "cb748ee0-8dc8-11e9-95ce-390a2a237a65"
      },
      {
        "name": "panel_5",
        "type": "visualization",
        "id": "c7bb5670-8dd3-11e9-95ce-390a2a237a65"
      },
      {
        "name": "panel_6",
        "type": "visualization",
        "id": "b0416650-8dd4-11e9-95ce-390a2a237a65"
      },
      {
        "name": "panel_7",
        "type": "visualization",
        "id": "1b55a960-8dd5-11e9-95ce-390a2a237a65"
      },
      {
        "name": "panel_8",
        "type": "visualization",
        "id": "fc545840-8dd4-11e9-95ce-390a2a237a65"
      },
      {
        "name": "panel_9",
        "type": "visualization",
        "id": "c81a8610-8dd6-11e9-95ce-390a2a237a65"
      },
      {
        "name": "panel_10",
        "type": "visualization",
        "id": "db9602f0-8dd6-11e9-95ce-390a2a237a65"
      },
      {
        "name": "panel_11",
        "type": "visualization",
        "id": "0d356c70-8ddb-11e9-95ce-390a2a237a65"
      },
      {
        "name": "panel_12",
        "type": "visualization",
        "id": "efcc05b0-8e64-11e9-95ce-390a2a237a65"
      },
      {
        "name": "panel_13",
        "type": "visualization",
        "id": "6b9ee730-8e73-11e9-8844-5fb67b923a75"
      },
      {
        "name": "panel_14",
        "type": "search",
        "id": "c90d66c0-8e74-11e9-8844-5fb67b923a75"
      },
      {
        "name": "panel_15",
        "type": "visualization",
        "id": "6d5721b0-8e77-11e9-8844-5fb67b923a75"
      },
      {
        "name": "panel_16",
        "type": "visualization",
        "id": "b6c256c0-8e78-11e9-8844-5fb67b923a75"
      },
      {
        "name": "panel_17",
        "type": "visualization",
        "id": "9a7f66b0-8e96-11e9-a2f4-85368d650215"
      }
    ]
  }
]