{
	"info": {
		"_postman_id": "2d836993-b413-41e4-a3a9-dc60ea3a6566",
		"name": "employee copy",
		"schema": "https://schema.getpostman.com/json/collection/v2.1.0/collection.json"
	},
	"item": [
		{
			"name": "getall emp",
			"protocolProfileBehavior": {
				"disableBodyPruning": true
			},
			"request": {
				"method": "GET",
				"header": [
					{
						"key": "Content-Type",
						"name": "Content-Type",
						"value": "application/json",
						"type": "text"
					}
				],
				"body": {
					"mode": "raw",
					"raw": "{\n    \"empFirstName\": \"sirii\",\n   \n    \"empAddress\": \"bangloe\"\n    \n}"
				},
				"url": {
					"raw": "http://localhost:8031/employee",
					"protocol": "http",
					"host": [
						"localhost"
					],
					"port": "8031",
					"path": [
						"employee"
					]
				}
			},
			"response": []
		},
		{
			"name": "updating emp",
			"request": {
				"method": "PUT",
				"header": [
					{
						"key": "Content-Type",
						"name": "Content-Type",
						"value": "application/json",
						"type": "text"
					}
				],
				"body": {
					"mode": "raw",
					"raw": "{\n    \"empFirstName\": \"sirii\",\n   \n    \"empAddress\": \"bangloe\"\n    \n}"
				},
				"url": {
					"raw": "http://localhost:8031/employee/200020",
					"protocol": "http",
					"host": [
						"localhost"
					],
					"port": "8031",
					"path": [
						"employee",
						"200020"
					]
				}
			},
			"response": []
		},
		{
			"name": "add employee",
			"request": {
				"method": "POST",
				"header": [
					{
						"key": "Content-Type",
						"name": "Content-Type",
						"value": "application/json",
						"type": "text"
					}
				],
				"body": {
					"mode": "raw",
					"raw": "{\n    \"empFirstName\": \"sai\",\n    \"empLastName\": \"palak\",\n    \"empDateOfBirth\": \"12-09-1996\",\n    \"empDateOfJoining\": \"09-08-2019\",\n    \"empDesignation\": \"Analyst\",\n    \"empBasic\": 2000,\n    \"empGender\": \"Male\",\n    \"empMartialStatus\": \"Single\",\n    \"empAddress\": \"hyderabda\",\n    \"empContactNum\": \"9090909090\",\n    \"empDeptId\": 100002,\n    \"empGradeCode\": \"M1\"\n}"
				},
				"url": {
					"raw": "http://localhost:8031/addemployee",
					"protocol": "http",
					"host": [
						"localhost"
					],
					"port": "8031",
					"path": [
						"addemployee"
					]
				}
			},
			"response": []
		},
		{
			"name": "adding dept",
			"request": {
				"method": "POST",
				"header": [
					{
						"key": "Content-Type",
						"name": "Content-Type",
						"value": "application/json",
						"type": "text"
					}
				],
				"body": {
					"mode": "raw",
					"raw": "{\n\t\"empDeptName\": \"java\"\n}"
				},
				"url": {
					"raw": "http://localhost:8031/adddepartment",
					"protocol": "http",
					"host": [
						"localhost"
					],
					"port": "8031",
					"path": [
						"adddepartment"
					]
				}
			},
			"response": []
		},
		{
			"name": "adding grade",
			"request": {
				"method": "POST",
				"header": [
					{
						"key": "Content-Type",
						"name": "Content-Type",
						"value": "application/json",
						"type": "text"
					}
				],
				"body": {
					"mode": "raw",
					"raw": "{\n\t\"empGradeCode\":\"M1\",\n\t\"empDescription\":\"good\",\n\t\"empMinSal\":22224,\n\t\"empMaxSal\":90909\n}"
				},
				"url": {
					"raw": "http://localhost:8031/addgrade",
					"protocol": "http",
					"host": [
						"localhost"
					],
					"port": "8031",
					"path": [
						"addgrade"
					]
				}
			},
			"response": []
		},
		{
			"name": "deleting",
			"request": {
				"method": "DELETE",
				"header": [
					{
						"key": "Content-Type",
						"name": "Content-Type",
						"value": "application/json",
						"type": "text"
					}
				],
				"body": {
					"mode": "raw",
					"raw": ""
				},
				"url": {
					"raw": "http://localhost:8031/employee/200020",
					"protocol": "http",
					"host": [
						"localhost"
					],
					"port": "8031",
					"path": [
						"employee",
						"200020"
					]
				}
			},
			"response": []
		},
		{
			"name": "empdetails based on empid",
			"protocolProfileBehavior": {
				"disableBodyPruning": true
			},
			"request": {
				"method": "GET",
				"header": [
					{
						"key": "Content-Type",
						"name": "Content-Type",
						"value": "application/json",
						"type": "text"
					}
				],
				"body": {
					"mode": "raw",
					"raw": ""
				},
				"url": {
					"raw": "http://localhost:8031/employee/200021",
					"protocol": "http",
					"host": [
						"localhost"
					],
					"port": "8031",
					"path": [
						"employee",
						"200021"
					]
				}
			},
			"response": []
		},
		{
			"name": "retreving emp",
			"request": {
				"method": "GET",
				"header": [],
				"body": {
					"mode": "raw",
					"raw": ""
				},
				"url": {
					"raw": "http://localhost:8031/employees?empDeptId=100002&empDesignation=Analyst&empGradeCode=M2",
					"protocol": "http",
					"host": [
						"localhost"
					],
					"port": "8031",
					"path": [
						"employees"
					],
					"query": [
						{
							"key": "empDeptId",
							"value": "100002"
						},
						{
							"key": "empDesignation",
							"value": "Analyst"
						},
						{
							"key": "empGradeCode",
							"value": "M2"
						}
					]
				}
			},
			"response": []
		},
		{
			"name": "wildcardsearch",
			"protocolProfileBehavior": {
				"disableBodyPruning": true
			},
			"request": {
				"method": "GET",
				"header": [
					{
						"key": "Content-Type",
						"name": "Content-Type",
						"value": "application/json",
						"type": "text"
					}
				],
				"body": {
					"mode": "raw",
					"raw": ""
				},
				"url": {
					"raw": "http://localhost:8031/employeesearch/a",
					"protocol": "http",
					"host": [
						"localhost"
					],
					"port": "8031",
					"path": [
						"employeesearch",
						"a"
					]
				}
			},
			"response": []
		},
		{
			"name": "getall grades",
			"protocolProfileBehavior": {
				"disableBodyPruning": true
			},
			"request": {
				"method": "GET",
				"header": [],
				"body": {
					"mode": "raw",
					"raw": ""
				},
				"url": {
					"raw": "http://localhost:8031/grademaster",
					"protocol": "http",
					"host": [
						"localhost"
					],
					"port": "8031",
					"path": [
						"grademaster"
					]
				}
			},
			"response": []
		},
		{
			"name": "getall dept",
			"protocolProfileBehavior": {
				"disableBodyPruning": true
			},
			"request": {
				"method": "GET",
				"header": [
					{
						"key": "Content-Type",
						"name": "Content-Type",
						"value": "application/json",
						"type": "text"
					}
				],
				"body": {
					"mode": "raw",
					"raw": ""
				},
				"url": {
					"raw": "http://localhost:8031/department",
					"protocol": "http",
					"host": [
						"localhost"
					],
					"port": "8031",
					"path": [
						"department"
					]
				}
			},
			"response": []
		}
	]
}