[
  {
    "_id": "3e5463b0-8dd1-11e9-95ce-390a2a237a65",
    "_type": "visualization",
    "_source": {
      "title": "HttpStatusCode of pie",
      "visState": "{\"title\":\"HttpStatusCode of pie\",\"type\":\"pie\",\"params\":{\"type\":\"pie\",\"addTooltip\":true,\"addLegend\":true,\"legendPosition\":\"right\",\"isDonut\":true,\"labels\":{\"show\":false,\"values\":true,\"last_level\":true,\"truncate\":100}},\"aggs\":[{\"id\":\"1\",\"enabled\":true,\"type\":\"count\",\"schema\":\"metric\",\"params\":{\"customLabel\":\"\"}},{\"id\":\"2\",\"enabled\":true,\"type\":\"terms\",\"schema\":\"segment\",\"params\":{\"field\":\"httpStatusCode\",\"size\":5,\"order\":\"desc\",\"orderBy\":\"1\",\"otherBucket\":false,\"otherBucketLabel\":\"Other\",\"missingBucket\":false,\"missingBucketLabel\":\"Missing\",\"customLabel\":\"flightname\"}}]}",
      "uiStateJSON": "{\"vis\":{\"colors\":{\"200\":\"#99440A\",\"400\":\"#E24D42\",\"404\":\"#1F78C1\",\"500\":\"#962D82\",\"BritishAirways\":\"#511749\"}}}",
      "description": "",
      "version": 1,
      "kibanaSavedObjectMeta": {
        "searchSourceJSON": "{\"query\":{\"query\":\"\",\"language\":\"kuery\"},\"filter\":[],\"indexRefName\":\"kibanaSavedObjectMeta.searchSourceJSON.index\"}"
      }
    },
    "_migrationVersion": {
      "visualization": "7.0.1"
    },
    "_references": [
      {
        "name": "kibanaSavedObjectMeta.searchSourceJSON.index",
        "type": "index-pattern",
        "id": "79e0c1b0-8dc4-11e9-95ce-390a2a237a65"
      }
    ]
  },
  {
    "_id": "9a7f66b0-8e96-11e9-a2f4-85368d650215",
    "_type": "visualization",
    "_source": {
      "title": "Response Times",
      "visState": "{\"title\":\"Response Times\",\"type\":\"gauge\",\"params\":{\"type\":\"gauge\",\"addTooltip\":true,\"addLegend\":true,\"isDisplayWarning\":false,\"gauge\":{\"verticalSplit\":false,\"extendRange\":true,\"percentageMode\":false,\"gaugeType\":\"Arc\",\"gaugeStyle\":\"Full\",\"backStyle\":\"Full\",\"orientation\":\"vertical\",\"colorSchema\":\"Green to Red\",\"gaugeColorMode\":\"Labels\",\"colorsRange\":[{\"from\":0,\"to\":50},{\"from\":50,\"to\":75},{\"from\":75,\"to\":100}],\"invertColors\":false,\"labels\":{\"show\":true,\"color\":\"black\"},\"scale\":{\"show\":true,\"labels\":false,\"color\":\"rgba(105,112,125,0.2)\"},\"type\":\"meter\",\"style\":{\"bgWidth\":0.9,\"width\":0.9,\"mask\":false,\"bgMask\":false,\"maskBars\":50,\"bgFill\":\"rgba(105,112,125,0.2)\",\"bgColor\":false,\"subText\":\"\",\"fontSize\":60,\"labelColor\":true}}},\"aggs\":[{\"id\":\"1\",\"enabled\":true,\"type\":\"max\",\"schema\":\"metric\",\"params\":{\"field\":\"elapsedTime\",\"customLabel\":\"MaxResponse\"}},{\"id\":\"2\",\"enabled\":true,\"type\":\"min\",\"schema\":\"metric\",\"params\":{\"field\":\"elapsedTime\",\"customLabel\":\"Min Response\"}},{\"id\":\"3\",\"enabled\":true,\"type\":\"avg\",\"schema\":\"metric\",\"params\":{\"field\":\"elapsedTime\",\"customLabel\":\"Average Response\"}}]}",
      "uiStateJSON": "{\"vis\":{\"defaultColors\":{\"0 - 50\":\"rgb(0,104,55)\",\"50 - 75\":\"rgb(255,255,190)\",\"75 - 100\":\"rgb(165,0,38)\"},\"legendOpen\":true}}",
      "description": "",
      "version": 1,
      "kibanaSavedObjectMeta": {
        "searchSourceJSON": "{\"query\":{\"query\":\"\",\"language\":\"kuery\"},\"filter\":[],\"indexRefName\":\"kibanaSavedObjectMeta.searchSourceJSON.index\"}"
      }
    },
    "_migrationVersion": {
      "visualization": "7.0.1"
    },
    "_references": [
      {
        "name": "kibanaSavedObjectMeta.searchSourceJSON.index",
        "type": "index-pattern",
        "id": "6aed7910-8e95-11e9-a2f4-85368d650215"
      }
    ]
  },
  {
    "_id": "6d5721b0-8e77-11e9-8844-5fb67b923a75",
    "_type": "visualization",
    "_source": {
      "title": "VolumeTimeSeries",
      "visState": "{\"title\":\"VolumeTimeSeries\",\"type\":\"timelion\",\"params\":{\"expression\":\".es(*)\",\"interval\":\"auto\"},\"aggs\":[]}",
      "uiStateJSON": "{}",
      "description": "",
      "version": 1,
      "kibanaSavedObjectMeta": {
        "searchSourceJSON": "{\"query\":{\"language\":\"kuery\",\"query\":\"\"},\"filter\":[]}"
      }
    },
    "_migrationVersion": {
      "visualization": "7.0.1"
    },
    "_references": []
  },
  {
    "_id": "b6c256c0-8e78-11e9-8844-5fb67b923a75",
    "_type": "visualization",
    "_source": {
      "title": "Transaction Status",
      "visState": "{\"title\":\"Transaction Status\",\"type\":\"gauge\",\"params\":{\"type\":\"gauge\",\"addTooltip\":true,\"addLegend\":true,\"isDisplayWarning\":false,\"gauge\":{\"verticalSplit\":false,\"extendRange\":true,\"percentageMode\":false,\"gaugeType\":\"Arc\",\"gaugeStyle\":\"Full\",\"backStyle\":\"Full\",\"orientation\":\"vertical\",\"colorSchema\":\"Green to Red\",\"gaugeColorMode\":\"Labels\",\"colorsRange\":[{\"from\":0,\"to\":50},{\"from\":50,\"to\":75},{\"from\":75,\"to\":100}],\"invertColors\":false,\"labels\":{\"show\":true,\"color\":\"black\"},\"scale\":{\"show\":true,\"labels\":false,\"color\":\"rgba(105,112,125,0.2)\"},\"type\":\"meter\",\"style\":{\"bgWidth\":0.9,\"width\":0.9,\"mask\":false,\"bgMask\":false,\"maskBars\":50,\"bgFill\":\"rgba(105,112,125,0.2)\",\"bgColor\":false,\"subText\":\"\",\"fontSize\":60,\"labelColor\":true}}},\"aggs\":[{\"id\":\"1\",\"enabled\":true,\"type\":\"count\",\"schema\":\"metric\",\"params\":{}},{\"id\":\"2\",\"enabled\":true,\"type\":\"terms\",\"schema\":\"group\",\"params\":{\"field\":\"httpStatusCode\",\"size\":5,\"order\":\"desc\",\"orderBy\":\"1\",\"otherBucket\":false,\"otherBucketLabel\":\"Other\",\"missingBucket\":false,\"missingBucketLabel\":\"Missing\",\"customLabel\":\"Transaction Status Metric\"}}]}",
      "uiStateJSON": "{\"vis\":{\"defaultColors\":{\"0 - 50\":\"rgb(0,104,55)\",\"50 - 75\":\"rgb(255,255,190)\",\"75 - 100\":\"rgb(165,0,38)\"}}}",
      "description": "",
      "version": 1,
      "kibanaSavedObjectMeta": {
        "searchSourceJSON": "{\"query\":{\"query\":\"\",\"language\":\"kuery\"},\"filter\":[],\"indexRefName\":\"kibanaSavedObjectMeta.searchSourceJSON.index\"}"
      }
    },
    "_migrationVersion": {
      "visualization": "7.0.1"
    },
    "_references": [
      {
        "name": "kibanaSavedObjectMeta.searchSourceJSON.index",
        "type": "index-pattern",
        "id": "79e0c1b0-8dc4-11e9-95ce-390a2a237a65"
      }
    ]
  },
  {
    "_id": "6b9ee730-8e73-11e9-8844-5fb67b923a75",
    "_type": "visualization",
    "_source": {
      "title": "Tableview",
      "visState": "{\"title\":\"Tableview\",\"type\":\"table\",\"params\":{\"perPage\":10,\"showPartialRows\":false,\"showMetricsAtAllLevels\":false,\"sort\":{\"columnIndex\":null,\"direction\":null},\"showTotal\":false,\"totalFunc\":\"sum\"},\"aggs\":[{\"id\":\"1\",\"enabled\":true,\"type\":\"count\",\"schema\":\"metric\",\"params\":{}},{\"id\":\"2\",\"enabled\":true,\"type\":\"terms\",\"schema\":\"bucket\",\"params\":{\"field\":\"processId.keyword\",\"size\":5,\"order\":\"desc\",\"orderBy\":\"1\",\"otherBucket\":false,\"otherBucketLabel\":\"Other\",\"missingBucket\":false,\"missingBucketLabel\":\"Missing\",\"customLabel\":\"ProcessId\"}},{\"id\":\"3\",\"enabled\":true,\"type\":\"terms\",\"schema\":\"bucket\",\"params\":{\"field\":\"userId.keyword\",\"size\":5,\"order\":\"desc\",\"orderBy\":\"1\",\"otherBucket\":false,\"otherBucketLabel\":\"Other\",\"missingBucket\":false,\"missingBucketLabel\":\"Missing\",\"customLabel\":\"UserId\"}},{\"id\":\"4\",\"enabled\":true,\"type\":\"terms\",\"schema\":\"bucket\",\"params\":{\"field\":\"requestParams.flightName.keyword\",\"size\":5,\"order\":\"desc\",\"orderBy\":\"1\",\"otherBucket\":false,\"otherBucketLabel\":\"Other\",\"missingBucket\":false,\"missingBucketLabel\":\"Missing\",\"customLabel\":\"Flightname\"}},{\"id\":\"5\",\"enabled\":true,\"type\":\"terms\",\"schema\":\"bucket\",\"params\":{\"field\":\"module.keyword\",\"size\":5,\"order\":\"desc\",\"orderBy\":\"1\",\"otherBucket\":false,\"otherBucketLabel\":\"Other\",\"missingBucket\":false,\"missingBucketLabel\":\"Missing\",\"customLabel\":\"Module\"}},{\"id\":\"6\",\"enabled\":true,\"type\":\"terms\",\"schema\":\"bucket\",\"params\":{\"field\":\"operation.keyword\",\"size\":5,\"order\":\"desc\",\"orderBy\":\"1\",\"otherBucket\":false,\"otherBucketLabel\":\"Other\",\"missingBucket\":false,\"missingBucketLabel\":\"Missing\",\"customLabel\":\"Operation\"}},{\"id\":\"7\",\"enabled\":true,\"type\":\"terms\",\"schema\":\"bucket\",\"params\":{\"field\":\"httpStatusCode\",\"size\":5,\"order\":\"desc\",\"orderBy\":\"1\",\"otherBucket\":false,\"otherBucketLabel\":\"Other\",\"missingBucket\":false,\"missingBucketLabel\":\"Missing\",\"customLabel\":\"HttpStatusCode\"}},{\"id\":\"8\",\"enabled\":true,\"type\":\"terms\",\"schema\":\"bucket\",\"params\":{\"field\":\"serverName.keyword\",\"size\":5,\"order\":\"desc\",\"orderBy\":\"1\",\"otherBucket\":false,\"otherBucketLabel\":\"Other\",\"missingBucket\":false,\"missingBucketLabel\":\"Missing\",\"customLabel\":\"servername\"}}]}",
      "uiStateJSON": "{\"vis\":{\"params\":{\"sort\":{\"columnIndex\":null,\"direction\":null}}}}",
      "description": "",
      "version": 1,
      "kibanaSavedObjectMeta": {
        "searchSourceJSON": "{\"query\":{\"query\":\"\",\"language\":\"kuery\"},\"filter\":[],\"indexRefName\":\"kibanaSavedObjectMeta.searchSourceJSON.index\"}"
      }
    },
    "_migrationVersion": {
      "visualization": "7.0.1"
    },
    "_references": [
      {
        "name": "kibanaSavedObjectMeta.searchSourceJSON.index",
        "type": "index-pattern",
        "id": "79e0c1b0-8dc4-11e9-95ce-390a2a237a65"
      }
    ]
  },
  {
    "_id": "c81a8610-8dd6-11e9-95ce-390a2a237a65",
    "_type": "visualization",
    "_source": {
      "title": "module : area",
      "visState": "{\"title\":\"module : area\",\"type\":\"area\",\"params\":{\"type\":\"area\",\"grid\":{\"categoryLines\":false},\"categoryAxes\":[{\"id\":\"CategoryAxis-1\",\"type\":\"category\",\"position\":\"bottom\",\"show\":true,\"style\":{},\"scale\":{\"type\":\"linear\"},\"labels\":{\"show\":true,\"truncate\":100},\"title\":{}}],\"valueAxes\":[{\"id\":\"ValueAxis-1\",\"name\":\"LeftAxis-1\",\"type\":\"value\",\"position\":\"left\",\"show\":true,\"style\":{},\"scale\":{\"type\":\"linear\",\"mode\":\"normal\"},\"labels\":{\"show\":true,\"rotate\":0,\"filter\":false,\"truncate\":100},\"title\":{\"text\":\"count based on modules\"}}],\"seriesParams\":[{\"show\":\"true\",\"type\":\"area\",\"mode\":\"stacked\",\"data\":{\"label\":\"count based on modules\",\"id\":\"1\"},\"drawLinesBetweenPoints\":true,\"showCircles\":true,\"interpolate\":\"linear\",\"valueAxis\":\"ValueAxis-1\"}],\"addTooltip\":true,\"addLegend\":true,\"legendPosition\":\"right\",\"times\":[],\"addTimeMarker\":false},\"aggs\":[{\"id\":\"1\",\"enabled\":true,\"type\":\"count\",\"schema\":\"metric\",\"params\":{\"customLabel\":\"count based on modules\"}},{\"id\":\"2\",\"enabled\":true,\"type\":\"terms\",\"schema\":\"segment\",\"params\":{\"field\":\"module.keyword\",\"size\":5,\"order\":\"desc\",\"orderBy\":\"1\",\"otherBucket\":false,\"otherBucketLabel\":\"Other\",\"missingBucket\":false,\"missingBucketLabel\":\"Missing\",\"customLabel\":\"module\"}}]}",
      "uiStateJSON": "{}",
      "description": "",
      "version": 1,
      "kibanaSavedObjectMeta": {
        "searchSourceJSON": "{\"query\":{\"query\":\"\",\"language\":\"kuery\"},\"filter\":[],\"indexRefName\":\"kibanaSavedObjectMeta.searchSourceJSON.index\"}"
      }
    },
    "_migrationVersion": {
      "visualization": "7.0.1"
    },
    "_references": [
      {
        "name": "kibanaSavedObjectMeta.searchSourceJSON.index",
        "type": "index-pattern",
        "id": "79e0c1b0-8dc4-11e9-95ce-390a2a237a65"
      }
    ]
  }
]